id,board_id,title,content,column_type,order_index,is_archived,created_by,created_at,updated_at,updated_by,source_message_id,metadata
022c7833-383c-42a0-89d4-624b6604332e,29e25d75-640a-4f35-9eaa-462353b3c08c,ノーコード革命の衝撃,"- **核心**: ノーコードツールの進化が創造的プロジェクトの障壁を下げた
- **根拠**: ""CursurAIに手を出してみたのですが、最強でした。いろんなノーコードツールの物足りなさがほぼ払拭できてます。ちゃんとリリースできる品質でサービス立ち上げられそうなので...""（minaseyo）

### 解釈
- 哲学的視点: 技術の民主化が個人の創造力と可能性を解放する
- 文化・人文視点: デジタル技術が新しい形のアートや物語を生む基盤になる
- 経営視点: 開発のコストが大幅に削減され、スタートアップの参入障壁が低下
- ブランディング視点: 誰でもブランドを即座に立ち上げてテストできる時代

### アクションアイデア
- ノーコードツールのトレンドを追うための定期的なミーティングを設ける
- 新しいアイデアを試すプロトタイピングワークショップを開催
- ノーコードツールを使って社内のアイデアを実験的に実装するプロジェクトを立ち上げる",inbox,0,false,37185eec-a7c1-4f66-907c-ca46ad37b84e,2025-06-01 09:33:50.191+00,2025-06-01 09:33:50.191+00,,,{}
4edc9f64-e3f6-497a-82ee-e2884cb752c1,29e25d75-640a-4f35-9eaa-462353b3c08c,ああああ,,inbox,0,false,37185eec-a7c1-4f66-907c-ca46ad37b84e,2025-05-31 03:47:54.277+00,2025-05-31 03:47:54.277+00,,,{}
7f40e257-d444-4e82-8079-232242b40272,29e25d75-640a-4f35-9eaa-462353b3c08c,ビジネスSNSの新たな潮流,"- **核心**: 新しいビジネスSNSの形が模索されている
- **根拠**: ""Yenta | Business SNS for Real Relationships.""（mbaekw）

### 解釈
- 哲学的視点: 現代における人間関係の希薄化とその再定義
- 文化・人文視点: ビジネスを超えた人間的交流の場としてのSNSの新たな役割
- 経営視点: 真に価値あるネットワークの構築が新たなビジネス機会を生む
- ブランディング視点: ブランド構築において、信頼性と真実の繋がりが重要

### アクションアイデア
- SNSのビジネス利用の現状と課題を分析し、新しい価値提案を検討
- 信頼を基盤としたビジネスネットワーク構築の方法を模索
- ウェットなコミュニティの利点を活かした新しい商品やサービスを開発",inbox,0,false,37185eec-a7c1-4f66-907c-ca46ad37b84e,2025-06-01 09:33:50.191+00,2025-06-01 09:33:50.191+00,,,{}
8dfa9b37-fab8-491b-9824-3ce51c6c8384,29e25d75-640a-4f35-9eaa-462353b3c08c,消費社会から関係性社会へ,"- **核心**: ビジネスは消費から関係性重視へ移行している
- **根拠**: ""完全オープンに出会える場と、信頼できる人だけが集まれるウェットな場…""（mbaekw）

### 解釈
- 哲学的視点: 消費社会の終焉と関係性を基盤とする新しい経済モデル
- 文化・人文視点: コミュニティの価値が再評価される時代
- 経営視点: 関係性を軸にした新たなビジネスモデルの構築可能性
- ブランディング視点: ブランドはより一層、顧客との共感を通じて成長

### アクションアイデア
- 顧客との関係性構築を重視したマーケティング戦略の立案
- ブランドのコミュニティづくりを推進するプロジェクトを立ち上げる
- SNSやオンラインコミュニティを活用した顧客フォーカス型の施策を策定",inbox,0,false,37185eec-a7c1-4f66-907c-ca46ad37b84e,2025-06-01 09:33:50.191+00,2025-06-01 09:33:50.191+00,,,{}
9bb5244f-7819-4b24-82a6-65497112291c,29e25d75-640a-4f35-9eaa-462353b3c08c,一人企業の未来,"- **核心**: 一人企業を取り巻くエコシステムの強化
- **根拠**: ""普通の企業じゃなくて、1人企業を盛り上げるとかの、特徴を持たせたい…""（mbaekw）

### 解釈
- 哲学的視点: 自立と依存のバランス、新たな自己実現の形
- 文化・人文視点: 個人が主体となるビジネススタイルの出現
- 経営視点: 一人企業へのサポート体制が新しい市場機会を創出
- ブランディング視点: 一人一人がブランドとして立ち上がる社会の到来

### アクションアイデア
- 一人企業向けのビジネスコミュニティを設立
- コワーキングスペースに一人企業向けの特化サービスを展開
- 個人ブランドを強化する専門のコンサルティングサービスを開始",inbox,0,false,37185eec-a7c1-4f66-907c-ca46ad37b84e,2025-06-01 09:33:50.191+00,2025-06-01 09:33:50.191+00,,,{}
a9759039-268e-4463-be5a-ab8f8857799f,29e25d75-640a-4f35-9eaa-462353b3c08c,起業準備者と法人の属性分析,"- **核心**: 起業準備者と法人の属性を理解することがビジネスにおける重要課題
- **根拠**: ""起業準備してる人と法人持ってる人とは、属性でわかるようにする…""（mbaekw）

### 解釈
- 哲学的視点: 組織と個の新しい関係性の在り方を再定義する試み
- 文化・人文視点: 社会の中で多様性が増し、個々の特性が光る時代
- 経営視点: ターゲットセグメントを細分化することでの戦略的差別化
- ブランディング視点: 独自の属性を持つターゲットに対して特化したブランディングが",inbox,0,false,37185eec-a7c1-4f66-907c-ca46ad37b84e,2025-06-01 09:33:50.191+00,2025-06-01 09:33:50.191+00,,,{}
bd9c8d7c-369c-46b3-ae97-ccb60dac6960,29e25d75-640a-4f35-9eaa-462353b3c08c,個人とプロジェクトの境界,"- **核心**: プロジェクトごとに異なるペルソナをもつことの重要性
- **根拠**: ""Discordみたいにプロジェクトによってペルソナ変えるみたいなのはどうでしょう…""（minaseyo）

### 解釈
- 哲学的視点: アイデンティティの多様性とその存在意義
- 文化・人文視点: 個人がいくつもの物語を生きる社会的リアリティ
- 経営視点: プロジェクトベースの働き方が個々のパフォーマンスを最大化
- ブランディング視点: ペルソナの多様性がリッチな企業文化を創造

### アクションアイデア
- 社内でプロジェクトごとに異なるチームカルチャーを育成する
- プロジェクトベースでのペルソナ活用方法をマニュアル化
- ジョブ型雇用への移行を考慮した社内制度を整備",inbox,0,false,37185eec-a7c1-4f66-907c-ca46ad37b84e,2025-06-01 09:33:50.191+00,2025-06-01 09:33:50.191+00,,,{}
fb090e1e-65d3-4c59-bb3e-73086bb1e589,29e25d75-640a-4f35-9eaa-462353b3c08c,芸術家の必要性とその限界,"- **核心**: 芸術家的視点を職場に導入する重要性とその限界
- **根拠**: ""我々が日々職場で感じている違和感…みんなが芸術家がなるべしと…""（mbaekw）

### 解釈
- 哲学的視点: 芸術は生産性の高い人生への問いかけとなるが、同時に非現実的な側面も併せ持つ
- 文化・人文視点: 大企業の一部品としての役割よりも、独自性や創造性が重視される時代背景
- 経営視点: 独自性を重視しつつも、組織内での実行可能性とのバランスが求められる
- ブランディング視点: ブランドアイデンティティの中核として、独自性を持たせることの意義

### アクションアイデア
- 社内のプロジェクトに芸術家視点の導入を試みる
- 芸術家やクリエイティブな個人と協業可能なビジネスモデルを構築
- 芸術的活動がブランドにもたらす影響をリサーチし、可能性を探る",inbox,0,false,37185eec-a7c1-4f66-907c-ca46ad37b84e,2025-06-01 09:33:50.191+00,2025-06-01 09:33:50.191+00,,,{}